{
  "results": [
    {
      "command": "target/release/seq",
      "mean": 1.0448655888,
      "stddev": 0.014239817770100222,
      "user": 0.85053488,
      "system": 0.19365656999999997,
      "min": 1.0372054773,
      "max": 1.0848654773,
      "times": [
        1.0436572453,
        1.0430485432999999,
        1.0405266103,
        1.0848654773,
        1.0373337643,
        1.0420395533,
        1.0408644723,
        1.0412331863,
        1.0372054773,
        1.0378815582999998
      ]
    }
  ]
}
